
{
  "version": 2,
  "buildCommand": "npm run build",
  "outputDirectory": ".next",
  "installCommand": "npm install --legacy-peer-deps",
  "framework": "nextjs",
  "regions": ["iad1"],
  "functions": {
    "app/api/download/route.ts": {
      "maxDuration": 30
    }
  },
  "headers": [
    {
      "source": "/(.*)",
      "headers": [
        {
          "key": "X-Content-Type-Options",
          "value": "nosniff"
        },
        {
          "key": "X-Frame-Options",
          "value": "DENY"
        },
        {
          "key": "X-XSS-Protection",
          "value": "1; mode=block"
        }
      ]
    }
  ]
}
